{"is_source_file": false, "format": "", "description": "", "external_files": [], "external_methods": [], "published": [], "classes": [], "methods": [], "calls": [], "search-terms": [], "state": 2, "file_id": 11, "knowledge_revision": 16, "git_revision": "14f0c52206eb3095c9dc2c746e37c2ac9832d6f8", "hash": "3c1768b77216592a4081b38e1e50898f", "format-version": 4, "code-base-name": "frontend_app", "filename": "frontend_app/src/app/globals.css", "revision_history": [{"16": "14f0c52206eb3095c9dc2c746e37c2ac9832d6f8"}]}