{"is_source_file": true, "format": "TypeScript/JavaScript (React/JSX)", "description": "This file defines a React functional component named NotFound, which renders a 404 error page indicating that the requested page does not exist.", "external_files": ["react"], "external_methods": [], "published": ["NotFound"], "classes": [], "methods": [{"name": "NotFound", "description": "React functional component that displays a 404 error message."}], "calls": ["React"], "search-terms": ["not-found", "404 page", "React functional component", "error page", "page doesn't exist"], "state": 2, "file_id": 9, "knowledge_revision": 20, "git_revision": "14f0c52206eb3095c9dc2c746e37c2ac9832d6f8", "ctags": [], "hash": "6e11a41806f450f4131b5f7b53a61152", "format-version": 4, "code-base-name": "frontend_app", "filename": "frontend_app/src/app/not-found.tsx", "revision_history": [{"20": "14f0c52206eb3095c9dc2c746e37c2ac9832d6f8"}]}