{"is_source_file": true, "format": "TypeScript (TSX/React)", "description": "This file defines a React component for the 'Library' page of a web application, displaying placeholders for recent activity and planned features with navigational links.", "external_files": ["next/link", "@/components/ui"], "external_methods": ["Link", "Card", "SubtleButton"], "published": ["LibraryPage"], "classes": [], "methods": [{"name": "LibraryPage", "description": "Functional React component rendering the library page layout with placeholders and navigation buttons."}], "calls": ["Link", "SubtleButton", "Card"], "search-terms": ["LibraryPage", "React component", "next/link", "SubtleButton", "Card", "UI layout", "feature placeholders"], "state": 2, "file_id": 22, "knowledge_revision": 48, "git_revision": "", "ctags": [], "hash": "09b26880db464119b2dca727f03b2993", "format-version": 4, "code-base-name": "frontend_app", "filename": "frontend_app/src/app/library/page.tsx", "revision_history": [{"48": ""}]}