{"is_source_file": true, "format": "TypeScript with JSX (React component)", "description": "This file defines the main homepage component for the frontend of a web application, likely built with Next.js. It renders UI elements such as cards and buttons, guiding how users find past papers, browse subjects, and understand the app's features.", "external_files": ["@/components/ui"], "external_methods": ["Link from \"next/link\"", "Card", "SubtleButton"], "published": ["Home"], "classes": [], "methods": [{"name": "Home", "description": "React functional component rendering the homepage layout with informational sections and navigation links."}], "calls": ["Link", "SubtleButton"], "search-terms": ["page.tsx", "Next.js homepage component", "UI layout", "cards and buttons", "learning resources", "navigation links"], "state": 2, "file_id": 8, "knowledge_revision": 38, "git_revision": "14f0c52206eb3095c9dc2c746e37c2ac9832d6f8", "revision_history": [{"21": "14f0c52206eb3095c9dc2c746e37c2ac9832d6f8"}, {"38": "14f0c52206eb3095c9dc2c746e37c2ac9832d6f8"}], "ctags": [], "hash": "e2dd1050d3b12064cdbc0758d5d309d9", "format-version": 4, "code-base-name": "frontend_app", "filename": "frontend_app/src/app/page.tsx"}