{"is_source_file": true, "format": "JavaScript (ES Module, .mjs)", "description": "Configuration file for PostCSS, includes Tailwind CSS plugin setup", "external_files": ["@tailwindcss/postcss"], "external_methods": [], "published": ["default export: config"], "classes": [], "methods": [], "calls": [], "search-terms": ["postcss", "tailwindcss", "config", "plugins"], "state": 2, "file_id": 4, "knowledge_revision": 17, "git_revision": "14f0c52206eb3095c9dc2c746e37c2ac9832d6f8", "hash": "675899342e765a4d16acd75a53389101", "format-version": 4, "code-base-name": "frontend_app", "filename": "frontend_app/postcss.config.mjs", "revision_history": [{"17": "14f0c52206eb3095c9dc2c746e37c2ac9832d6f8"}]}