{"is_source_file": true, "format": "TypeScript/TSX", "description": "This file defines a React component for an upload page in a web application. It includes form handling, state management, and UI layout for uploading or simulating the upload of documents related to exams or subjects.", "external_files": ["@/components/ui", "@/lib/mockData", "@/lib/usePreferences", "next/link"], "external_methods": ["getSubjectsForStream", "usePreferences"], "published": [], "classes": [], "methods": [{"name": "sleep", "description": "Asynchronous helper function that returns a Promise resolving after a specified number of milliseconds."}, {"name": "UploadPage", "description": "React functional component managing the upload form UI, state, and mock submission logic."}, {"name": "onSubmit", "description": "Handles form submission, validates form data, simulates a delay, and randomly injects an error to demonstrate error handling."}], "calls": ["sleep", "usePreferences", "getSubjectsForStream"], "search-terms": ["UploadPage component", "mock upload form", "exam question upload React", "TypeScript form handling", "usePreferences hook", "next/link routing", "UI components", "subject selection", "file name placeholder"], "state": 2, "file_id": 21, "knowledge_revision": 46, "git_revision": "", "ctags": [], "hash": "2b843b05e36bffd4e897b1eb01a39b97", "format-version": 4, "code-base-name": "frontend_app", "filename": "frontend_app/src/app/upload/page.tsx", "revision_history": [{"46": ""}]}