{"is_source_file": false, "format": "", "description": "", "external_files": [], "external_methods": [], "published": [], "classes": [], "methods": [], "calls": [], "search-terms": ["globals.css", "CSS", "Tailwind", "styling", "variables", "UI design"], "state": 2, "file_id": 11, "knowledge_revision": 58, "git_revision": "778686b37fb935bad1984576b9969e05398e2095", "hash": "cc95e46f250ab5a619620741ab371a49", "format-version": 4, "code-base-name": "frontend_app", "filename": "frontend_app/src/app/globals.css", "revision_history": [{"58": "778686b37fb935bad1984576b9969e05398e2095"}]}