{"is_source_file": true, "format": "TypeScript (TSX)", "description": "This file defines React UI components such as Card, SubtleButton, TextInput, Select, and Skeleton, along with utility functions like 'cn' for class name handling. It is a collection of reusable presentational components for a React frontend project.", "external_files": ["react"], "external_methods": ["React.useId"], "published": ["Card", "SubtleButton", "TextInput", "Select", "Skeleton"], "classes": [], "methods": [{"name": "cn", "description": "Utility function that concatenates a list of class strings, filtering out falsy values, to generate combined className strings."}], "calls": ["React.useId"], "search-terms": ["ui components", "react functional components", "TypeScript", "Button", "Input", "Select", "Skeleton", "cn utility"], "state": 2, "file_id": 15, "knowledge_revision": 50, "git_revision": "", "revision_history": [{"31": ""}, {"50": ""}], "ctags": [], "hash": "a68be7ee110bb6052a60784579c5623f", "format-version": 4, "code-base-name": "frontend_app", "filename": "frontend_app/src/components/ui.tsx"}