{"is_source_file": true, "format": "TypeScript React (TSX)", "description": "React component for displaying subject details and associated papers in an educational web application. It fetches data from imported mock data and renders various UI components accordingly.", "external_files": ["@/components/ui", "@/lib/mockData", "next/link", "react"], "external_methods": ["getPapersForSubject", "allPapers", "subjects"], "published": ["SubjectPageClient"], "classes": [], "methods": [{"name": "SubjectPageClient", "description": "Functional React component rendering subject details and associated papers based on provided subjectId."}], "calls": ["useMemo", "allSubjects.find", "getPapersForSubject", "allPapers.filter", "Link", "SubtleButton"], "search-terms": ["SubjectPageClient", "papers", "subjectId", "mockData", "React component", "TypeScript", "Next.js"], "state": 2, "file_id": 23, "knowledge_revision": 56, "git_revision": "", "ctags": [], "hash": "bfa775970101f586da0ab4de47b6f6d7", "format-version": 4, "code-base-name": "frontend_app", "filename": "frontend_app/src/app/subjects/[subjectId]/SubjectPageClient.tsx", "revision_history": [{"56": ""}]}