{"is_source_file": true, "format": "TypeScript/TSX", "description": "This file defines a React component for the application's main shell layout, including navigation, header, and footer components, utilizing Next.js features.", "external_files": ["@/components/ui", "@/components/PreferencesPill", "next/link", "next/navigation", "react"], "external_methods": ["usePathname", "useState", "useMemo"], "published": ["AppShell"], "classes": [], "methods": [{"name": "cn", "description": "Utility function to combine class names conditionally."}], "calls": ["usePathname", "useState", "useMemo", "Link", "cn", "PreferencesPill"], "search-terms": ["AppShell", "navigation", "Next.js", "React components", "sidebar layout", "responsive menu"], "state": 2, "file_id": 16, "knowledge_revision": 63, "git_revision": "778686b37fb935bad1984576b9969e05398e2095", "revision_history": [{"33": ""}, {"63": "778686b37fb935bad1984576b9969e05398e2095"}], "ctags": [], "hash": "e269c64b9cda79785f0c0ee25f7297c0", "format-version": 4, "code-base-name": "frontend_app", "filename": "frontend_app/src/components/AppShell.tsx"}