{"is_source_file": true, "format": "TypeScript (TSX)", "description": "The file defines a React functional component named AppShell that constructs the main layout structure of a web application. It includes navigation, header, footer, and a slot for rendering child components, utilizing hooks like useState and useMemo, and imports other components such as Link, PreferencesPill, and SubtleButton.", "external_files": ["@/components/ui", "@/components/PreferencesPill", "next/link", "next/navigation"], "external_methods": ["usePathname", "Link", "useState", "useMemo"], "published": ["AppShell"], "classes": [], "methods": [{"name": "cn", "description": "Utility function for conditional className string concatenation."}, {"name": "AppShell", "description": "Main React component that renders the application's layout including navigation, header, main content area, and footer."}], "calls": ["usePathname()", "useState()", "useMemo()", "Link()", "PreferencesPill()", "SubtleButton()"], "search-terms": ["AppShell", "navigation layout", "Next.js layout component", "TypeScript React component", "main app structure"], "state": 2, "file_id": 16, "knowledge_revision": 33, "git_revision": "", "ctags": [], "hash": "ee6ad6699055f4f0c58ff3319d3062fc", "format-version": 4, "code-base-name": "frontend_app", "filename": "frontend_app/src/components/AppShell.tsx", "revision_history": [{"33": ""}]}