{"is_source_file": true, "format": "TypeScript/TSX", "description": "This file defines a React component 'PreferencesPill' used to display user preferences related to university, stream, and college, with loading state handling and navigation to a preferences page.", "external_files": ["next/link", "@/lib/usePreferences", "@/lib/mockData"], "external_methods": ["usePreferences", "findUniversity", "streams", "colleges"], "published": ["PreferencesPill"], "classes": [], "methods": [{"name": "nameById", "description": "Utility generic function to find the name of an item by its ID from a list of objects with 'id' and 'name' properties."}, {"name": "PreferencesPill", "description": "React functional component that displays user preferences or a loading indicator."}], "calls": ["usePreferences()", "findUniversity(prefs.universityId)", "nameById(streams, prefs.streamId)", "nameById(colleges, prefs.collegeId)"], "search-terms": ["PreferencesPill", "usePreferences", "findUniversity", "mockData", "TSX React Preferences"], "state": 2, "file_id": 17, "knowledge_revision": 35, "git_revision": "", "ctags": [], "hash": "906a72fa3cdaf6a5b81a833e3a9f6e00", "format-version": 4, "code-base-name": "frontend_app", "filename": "frontend_app/src/components/PreferencesPill.tsx", "revision_history": [{"35": ""}]}