{"is_source_file": true, "format": "TypeScript (TSX)", "description": "This file defines a Next.js page component for displaying a subject page. It includes a function for generating static parameters based on mock data and an async component that renders a SubjectPageClient component with a decoded subject ID.", "external_files": ["./SubjectPageClient", "@/lib/mockData"], "external_methods": ["SubjectPageClient", "allSubjects.map"], "published": ["generateStaticParams"], "classes": [], "methods": [{"name": "generateStaticParams", "description": "Generates static route parameters for all subjects based on mock data; used for static site generation in Next.js."}, {"name": "SubjectPage", "description": "Main React component fetching params, resolving them, and rendering the SubjectPageClient."}], "calls": ["allSubjects.map", "decodeURIComponent", "SubjectPageClient"], "search-terms": ["Next.js static params", "SubjectPage", "page.tsx", "SubjectPageClient", "mockData", "generateStaticParams"], "state": 2, "file_id": 20, "knowledge_revision": 57, "git_revision": "", "revision_history": [{"44": ""}, {"51": ""}, {"52": ""}, {"53": ""}, {"54": ""}, {"57": ""}], "ctags": [], "hash": "acb07a8e61740cbcf3dd71fd709bbcb2", "format-version": 4, "code-base-name": "frontend_app", "filename": "frontend_app/src/app/subjects/[subjectId]/page.tsx"}