{"is_source_file": true, "format": "TypeScript React (TSX)", "description": "This file contains UI component definitions including Card, SubtleButton, TextInput, Select, and Skeleton, written in React with TypeScript. It defines visual and interactive elements for the frontend application.", "external_files": ["react"], "external_methods": ["React.useId"], "published": ["Card", "SubtleButton", "TextInput", "Select", "Skeleton"], "classes": [], "methods": [{"name": "cn", "description": "Utility function to combine class names conditionally."}], "calls": ["React.useId"], "search-terms": ["ui components", "React functional components", "TypeScript TSX", "Card component", "Button variants", "Input and Select forms", "Skeleton loader"], "state": 2, "file_id": 15, "knowledge_revision": 62, "git_revision": "778686b37fb935bad1984576b9969e05398e2095", "revision_history": [{"31": ""}, {"50": ""}, {"62": "778686b37fb935bad1984576b9969e05398e2095"}], "ctags": [], "hash": "6a1a0d34e53d81b9aefc6d0e71da88ff", "format-version": 4, "code-base-name": "frontend_app", "filename": "frontend_app/src/components/ui.tsx"}