{"is_source_file": false, "format": "", "description": "", "external_files": [], "external_methods": [], "published": [], "classes": [], "methods": [], "calls": [], "search-terms": [], "state": 2, "file_id": 11, "knowledge_revision": 36, "git_revision": "14f0c52206eb3095c9dc2c746e37c2ac9832d6f8", "hash": "0baf895353fdfa6121f37497725f45b3", "format-version": 4, "code-base-name": "frontend_app", "filename": "frontend_app/src/app/globals.css", "revision_history": [{"36": "14f0c52206eb3095c9dc2c746e37c2ac9832d6f8"}]}