{"is_source_file": true, "format": "TypeScript", "description": "This file defines types, data arrays, and lookup functions related to universities, streams, colleges, subjects, and papers. It serves as a mock dataset for an educational repository project.", "external_files": [], "external_methods": [], "published": ["UniversityId", "StreamId", "CollegeId", "SubjectId", "PaperId", "University", "Stream", "College", "Subject", "PaperType", "Paper", "universities", "streams", "colleges", "subjects", "papers", "findUniversity", "getStreamsForUniversity", "getCollegesForUniversity", "getSubjectsForStream", "getPapersForSubject"], "classes": [], "methods": [{"name": "export function findUniversity(universityId?: string | null) { findUniversity", "description": "Finds and returns a university object matching the given university ID, or null if not found.", "scope": "", "scopeKind": ""}, {"name": "export function getStreamsForUniversity(universityId?: string | null) { getStreamsForUniversity", "description": "Retrieves a list of stream objects associated with the specified university ID.", "scope": "", "scopeKind": ""}, {"name": "export function getCollegesForUniversity(universityId?: string | null) { getCollegesForUniversity", "description": "Retrieves a list of college objects associated with the specified university ID.", "scope": "", "scopeKind": ""}, {"name": "export function getSubjectsForStream(streamId?: string | null) { getSubjectsForStream", "description": "Returns a list of subject objects associated with the specified stream ID.", "scope": "", "scopeKind": ""}, {"name": "export function getPapersForSubject(subjectId?: string | null) { getPapersForSubject", "description": "Returns a list of paper objects associated with the specified subject ID.", "scope": "", "scopeKind": ""}], "calls": ["universities.find", "streams.filter", "colleges.filter", "subjects.filter", "papers.filter"], "search-terms": ["mock dataset", "typescript types", "university streams colleges", "papers and exams", "educational data"], "state": 2, "file_id": 12, "knowledge_revision": 25, "git_revision": "", "ctags": [{"_type": "tag", "name": "College", "path": "/home/kavia/workspace/code-generation/exam-question-repository-239581-239590/frontend_app/src/lib/mockData.ts", "pattern": "/^export type College = {$/", "language": "TypeScript", "kind": "alias"}, {"_type": "tag", "name": "CollegeId", "path": "/home/kavia/workspace/code-generation/exam-question-repository-239581-239590/frontend_app/src/lib/mockData.ts", "pattern": "/^export type CollegeId = string;$/", "language": "TypeScript", "kind": "alias"}, {"_type": "tag", "name": "Paper", "path": "/home/kavia/workspace/code-generation/exam-question-repository-239581-239590/frontend_app/src/lib/mockData.ts", "pattern": "/^export type Paper = {$/", "language": "TypeScript", "kind": "alias"}, {"_type": "tag", "name": "PaperId", "path": "/home/kavia/workspace/code-generation/exam-question-repository-239581-239590/frontend_app/src/lib/mockData.ts", "pattern": "/^export type PaperId = string;$/", "language": "TypeScript", "kind": "alias"}, {"_type": "tag", "name": "PaperType", "path": "/home/kavia/workspace/code-generation/exam-question-repository-239581-239590/frontend_app/src/lib/mockData.ts", "pattern": "/^export type PaperType = \"Question Paper\" | \"Solution\" | \"Notes\";$/", "language": "TypeScript", "kind": "alias"}, {"_type": "tag", "name": "Stream", "path": "/home/kavia/workspace/code-generation/exam-question-repository-239581-239590/frontend_app/src/lib/mockData.ts", "pattern": "/^export type Stream = {$/", "language": "TypeScript", "kind": "alias"}, {"_type": "tag", "name": "StreamId", "path": "/home/kavia/workspace/code-generation/exam-question-repository-239581-239590/frontend_app/src/lib/mockData.ts", "pattern": "/^export type StreamId = string;$/", "language": "TypeScript", "kind": "alias"}, {"_type": "tag", "name": "Subject", "path": "/home/kavia/workspace/code-generation/exam-question-repository-239581-239590/frontend_app/src/lib/mockData.ts", "pattern": "/^export type Subject = {$/", "language": "TypeScript", "kind": "alias"}, {"_type": "tag", "name": "SubjectId", "path": "/home/kavia/workspace/code-generation/exam-question-repository-239581-239590/frontend_app/src/lib/mockData.ts", "pattern": "/^export type SubjectId = string;$/", "language": "TypeScript", "kind": "alias"}, {"_type": "tag", "name": "University", "path": "/home/kavia/workspace/code-generation/exam-question-repository-239581-239590/frontend_app/src/lib/mockData.ts", "pattern": "/^export type University = {$/", "language": "TypeScript", "kind": "alias"}, {"_type": "tag", "name": "UniversityId", "path": "/home/kavia/workspace/code-generation/exam-question-repository-239581-239590/frontend_app/src/lib/mockData.ts", "pattern": "/^export type UniversityId = string;$/", "language": "TypeScript", "kind": "alias"}, {"_type": "tag", "name": "colleges", "path": "/home/kavia/workspace/code-generation/exam-question-repository-239581-239590/frontend_app/src/lib/mockData.ts", "pattern": "/^export const colleges: College[] = [$/", "language": "TypeScript", "kind": "constant"}, {"_type": "tag", "name": "findUniversity", "path": "/home/kavia/workspace/code-generation/exam-question-repository-239581-239590/frontend_app/src/lib/mockData.ts", "pattern": "/^export function findUniversity(universityId?: string | null) {$/", "language": "TypeScript", "kind": "function"}, {"_type": "tag", "name": "getCollegesForUniversity", "path": "/home/kavia/workspace/code-generation/exam-question-repository-239581-239590/frontend_app/src/lib/mockData.ts", "pattern": "/^export function getCollegesForUniversity(universityId?: string | null) {$/", "language": "TypeScript", "kind": "function"}, {"_type": "tag", "name": "getPapersForSubject", "path": "/home/kavia/workspace/code-generation/exam-question-repository-239581-239590/frontend_app/src/lib/mockData.ts", "pattern": "/^export function getPapersForSubject(subjectId?: string | null) {$/", "language": "TypeScript", "kind": "function"}, {"_type": "tag", "name": "getStreamsForUniversity", "path": "/home/kavia/workspace/code-generation/exam-question-repository-239581-239590/frontend_app/src/lib/mockData.ts", "pattern": "/^export function getStreamsForUniversity(universityId?: string | null) {$/", "language": "TypeScript", "kind": "function"}, {"_type": "tag", "name": "getSubjectsForStream", "path": "/home/kavia/workspace/code-generation/exam-question-repository-239581-239590/frontend_app/src/lib/mockData.ts", "pattern": "/^export function getSubjectsForStream(streamId?: string | null) {$/", "language": "TypeScript", "kind": "function"}, {"_type": "tag", "name": "papers", "path": "/home/kavia/workspace/code-generation/exam-question-repository-239581-239590/frontend_app/src/lib/mockData.ts", "pattern": "/^export const papers: Paper[] = [$/", "language": "TypeScript", "kind": "constant"}, {"_type": "tag", "name": "streams", "path": "/home/kavia/workspace/code-generation/exam-question-repository-239581-239590/frontend_app/src/lib/mockData.ts", "pattern": "/^export const streams: Stream[] = [$/", "language": "TypeScript", "kind": "constant"}, {"_type": "tag", "name": "subjects", "path": "/home/kavia/workspace/code-generation/exam-question-repository-239581-239590/frontend_app/src/lib/mockData.ts", "pattern": "/^export const subjects: Subject[] = [$/", "language": "TypeScript", "kind": "constant"}, {"_type": "tag", "name": "universities", "path": "/home/kavia/workspace/code-generation/exam-question-repository-239581-239590/frontend_app/src/lib/mockData.ts", "pattern": "/^export const universities: University[] = [$/", "language": "TypeScript", "kind": "constant"}], "hash": "778a17df757db725bbe3f8e6eb04f7e1", "format-version": 4, "code-base-name": "frontend_app", "filename": "frontend_app/src/lib/mockData.ts", "revision_history": [{"25": ""}]}