{"is_source_file": false, "format": "", "description": "", "external_files": [], "external_methods": [], "published": [], "classes": [], "methods": [], "calls": [], "search-terms": [], "state": 2, "file_id": 2, "knowledge_revision": 13, "git_revision": "14f0c52206eb3095c9dc2c746e37c2ac9832d6f8", "hash": "f15aaa42d5d299d091b1171097ea56ad", "format-version": 4, "code-base-name": "frontend_app", "filename": "frontend_app/README.md", "revision_history": [{"13": "14f0c52206eb3095c9dc2c746e37c2ac9832d6f8"}]}