{"is_source_file": true, "format": "TypeScript/TSX", "description": "This file defines the main layout component for a Next.js frontend application, setting up global metadata and the structure of the page layout including the use of an AppShell component.", "external_files": ["./globals.css", "@/components/AppShell"], "external_methods": [], "published": ["metadata"], "classes": [], "methods": [{"name": "RootLayout", "description": "A React component that defines the main layout structure for the application, wrapping children within an HTML structure and an AppShell component."}], "calls": ["React.createElement", "AppShell", "html", "body"], "search-terms": ["RootLayout", "metadata", "AppShell", "layout.tsx", "Next.js layout"], "state": 2, "file_id": 10, "knowledge_revision": 37, "git_revision": "14f0c52206eb3095c9dc2c746e37c2ac9832d6f8", "revision_history": [{"22": "14f0c52206eb3095c9dc2c746e37c2ac9832d6f8"}, {"37": "14f0c52206eb3095c9dc2c746e37c2ac9832d6f8"}], "ctags": [], "hash": "2ed0733c4f82c37c8bca061b7f99715e", "format-version": 4, "code-base-name": "frontend_app", "filename": "frontend_app/src/app/layout.tsx"}