{"is_source_file": true, "format": "TypeScript/TSX", "description": "This file defines a React component for a 'Not Found' page, exporting a default function that renders the NotFound component.", "external_files": ["../not-found"], "external_methods": ["NotFound"], "published": ["NotFoundPage"], "classes": [], "methods": [{"name": "NotFoundPage", "description": "A React functional component that renders a 'Not Found' page, compatible with static exporting in Next.js."}], "calls": ["NotFound"], "search-terms": ["NotFoundPage", "PageComponent", "404", "not-found", "Next.js", "React"], "state": 2, "file_id": 24, "knowledge_revision": 60, "git_revision": "", "ctags": [], "hash": "3d968a6f567ddc19cfab1e7d0f65bbfd", "format-version": 4, "code-base-name": "frontend_app", "filename": "frontend_app/src/app/_not-found/page.tsx", "revision_history": [{"60": ""}]}