{"is_source_file": true, "format": "TypeScript (TSX/React)", "description": "This file defines a React component for a browsing page in a web application, allowing users to search and filter subjects, and navigate to related pages like preferences or subject details.", "external_files": ["@/components/ui", "@/lib/mockData", "@/lib/usePreferences", "next/link", "react"], "external_methods": ["getSubjectsForStream", "usePreferences"], "published": [], "classes": [], "methods": [{"name": "subjectLabel", "description": "Creates a formatted string label for a subject, including code, name, and semester if available."}, {"name": "BrowsePage", "description": "Main React component rendering the browsing interface with search and filtering capabilities."}], "calls": ["usePreferences", "useState", "useMemo", "getSubjectsForStream", "subjects", "Link", "subjectLabel"], "search-terms": ["BrowsePage", "subject filtering", "React search component", "Next.js Link", "subjectLabel", "usePreferences", "getSubjectsForStream", "mockData"], "state": 2, "file_id": 19, "knowledge_revision": 42, "git_revision": "", "ctags": [], "hash": "7cf2059e1da115bae22c0de0386edd7b", "format-version": 4, "code-base-name": "frontend_app", "filename": "frontend_app/src/app/browse/page.tsx", "revision_history": [{"42": ""}]}