{"is_source_file": true, "format": "TypeScript", "description": "Configuration file for a Next.js project, specifying output behavior.", "external_files": ["next"], "external_methods": [], "published": ["nextConfig"], "classes": [], "methods": [], "calls": [], "search-terms": ["next.config.ts", "NextConfig", "next"], "state": 2, "file_id": 7, "knowledge_revision": 23, "git_revision": "14f0c52206eb3095c9dc2c746e37c2ac9832d6f8", "ctags": [{"_type": "tag", "name": "nextConfig", "path": "/home/kavia/workspace/code-generation/exam-question-repository-239581-239590/frontend_app/next.config.ts", "pattern": "/^const nextConfig: NextConfig = {$/", "language": "TypeScript", "kind": "constant"}], "hash": "d2e8cb2378dd8f1f25150e4609f18db6", "format-version": 4, "code-base-name": "frontend_app", "filename": "frontend_app/next.config.ts", "revision_history": [{"23": "14f0c52206eb3095c9dc2c746e37c2ac9832d6f8"}]}