{"is_source_file": false, "format": "", "description": "", "external_files": [], "external_methods": [], "published": [], "classes": [], "methods": [], "calls": [], "search-terms": [], "state": 2, "file_id": 11, "knowledge_revision": 61, "git_revision": "013c9dc3ce390693b8d8975d40521e3ac78d4c38", "hash": "e95e0a87d690fe8538dcac80a9b5608d", "format-version": 4, "code-base-name": "frontend_app", "filename": "frontend_app/src/app/globals.css", "revision_history": [{"61": "013c9dc3ce390693b8d8975d40521e3ac78d4c38"}]}