{"is_source_file": true, "format": "TypeScript/TSX", "description": "Defines the root layout component for a Next.js application, including metadata and basic HTML structure.", "external_files": ["./globals.css"], "external_methods": [], "published": ["metadata", "RootLayout"], "classes": [], "methods": [{"name": "RootLayout", "description": "Functional React component that provides the structure for the application's root layout, wrapping children components in HTML and body tags."}], "calls": ["React.ReactNode", "return", "html", "body"], "search-terms": ["Next.js", "layout", "React", "TSX", "metadata", "RootLayout", "globals.css"], "state": 2, "file_id": 10, "knowledge_revision": 22, "git_revision": "14f0c52206eb3095c9dc2c746e37c2ac9832d6f8", "ctags": [], "hash": "b8c9da91775e68b2caf15c64c76a1bf6", "format-version": 4, "code-base-name": "frontend_app", "filename": "frontend_app/src/app/layout.tsx", "revision_history": [{"22": "14f0c52206eb3095c9dc2c746e37c2ac9832d6f8"}]}