{"is_source_file": true, "format": "JavaScript ES Module (.mjs)", "description": "This file is an ESLint configuration file written in ES module syntax. It imports modules to assist in extending ESLint configurations, specifically for Next.js core web vitals and TypeScript.", "external_files": ["path", "url", "@eslint/eslintrc"], "external_methods": ["dirname", "fileURLToPath", "FlatCompat.extends"], "published": ["eslintConfig"], "classes": [], "methods": [{"name": "__filename", "description": "A constant holding the filename derived from the module URL."}, {"name": "__dirname", "description": "A constant holding the directory name of the current module."}, {"name": "compat", "description": "An instance of FlatCompat used to manage extended ESLint configurations."}], "calls": ["compat.extends"], "search-terms": ["eslint.config.mjs", "ESLint configuration", "Next.js", "TypeScript", "FlatCompat", "eslint"], "state": 2, "file_id": 3, "knowledge_revision": 19, "git_revision": "14f0c52206eb3095c9dc2c746e37c2ac9832d6f8", "hash": "b43f470c5df5e9ff4c2f5e0bd917a881", "format-version": 4, "code-base-name": "frontend_app", "filename": "frontend_app/eslint.config.mjs", "revision_history": [{"19": "14f0c52206eb3095c9dc2c746e37c2ac9832d6f8"}]}