{"is_source_file": true, "format": "TypeScript/React (TSX)", "description": "A React component representing a 'Not Found' error page, providing navigation options to browse or go home.", "external_files": ["next/link", "@/components/ui"], "external_methods": ["Link"], "published": [], "classes": [], "methods": [{"name": "NotFound", "description": "React functional component rendering a 404 Not Found page with navigation links."}], "calls": ["Link", "SubtleButton"], "search-terms": ["NotFound", "404", "react component", "Error page", "next/link", "subtle button", "UI components"], "state": 2, "file_id": 9, "knowledge_revision": 49, "git_revision": "14f0c52206eb3095c9dc2c746e37c2ac9832d6f8", "revision_history": [{"20": "14f0c52206eb3095c9dc2c746e37c2ac9832d6f8"}, {"49": "14f0c52206eb3095c9dc2c746e37c2ac9832d6f8"}], "ctags": [], "hash": "e2208cac2a7aa1252577f995f140d3cd", "format-version": 4, "code-base-name": "frontend_app", "filename": "frontend_app/src/app/not-found.tsx"}