{"is_source_file": false, "format": "", "description": "", "external_files": [], "external_methods": [], "published": [], "classes": [], "methods": [], "calls": [], "search-terms": [], "state": 2, "file_id": 5, "knowledge_revision": 18, "git_revision": "14f0c52206eb3095c9dc2c746e37c2ac9832d6f8", "hash": "e6692c25853b80b6ebb8a113b5470a5b", "format-version": 4, "code-base-name": "frontend_app", "filename": "frontend_app/package.json", "revision_history": [{"18": "14f0c52206eb3095c9dc2c746e37c2ac9832d6f8"}]}