{"is_source_file": false, "format": "", "description": "", "external_files": [], "external_methods": [], "published": [], "classes": [], "methods": [], "calls": [], "search-terms": [], "state": 2, "file_id": 6, "knowledge_revision": 14, "git_revision": "14f0c52206eb3095c9dc2c746e37c2ac9832d6f8", "hash": "0cf97a81150d3b8904f285780896980d", "format-version": 4, "code-base-name": "frontend_app", "filename": "frontend_app/tsconfig.json", "revision_history": [{"14": "14f0c52206eb3095c9dc2c746e37c2ac9832d6f8"}]}