{"is_source_file": true, "format": "TypeScript/TSX", "description": "A React component for the home page, rendering a centered message indicating the app is being generated.", "external_files": [], "external_methods": [], "published": [], "classes": [], "methods": [{"name": "Home", "description": "React functional component that renders a page with centered message."}], "calls": [], "search-terms": ["RN67", "frontend_app", "React", "page.tsx", "Home", "TSX", "functional component", "centered message"], "state": 2, "file_id": 8, "knowledge_revision": 21, "git_revision": "14f0c52206eb3095c9dc2c746e37c2ac9832d6f8", "ctags": [], "hash": "08793e3b421442a86f45104648064999", "format-version": 4, "code-base-name": "frontend_app", "filename": "frontend_app/src/app/page.tsx", "revision_history": [{"21": "14f0c52206eb3095c9dc2c746e37c2ac9832d6f8"}]}