{"is_source_file": true, "format": "TypeScript with React (TSX)", "description": "A React component for a user preferences page in a Next.js application, allowing users to select their university, stream, and college, and displaying current selections.", "external_files": ["@/components/ui", "@/lib/mockData", "@/lib/usePreferences"], "external_methods": ["getStreamsForUniversity", "getCollegesForUniversity", "usePreferences"], "published": [], "classes": [], "methods": [{"name": "PreferencesPage", "description": "Main React functional component rendering the preferences form and related UI elements."}], "calls": ["usePreferences", "getStreamsForUniversity", "getCollegesForUniversity", "preferences.setUniversityId", "preferences.setStreamId", "preferences.setCollegeId", "preferences.reset"], "search-terms": ["PreferencesPage", "usePreferences", "getStreamsForUniversity", "getCollegesForUniversity", "Select component", "Next.js Page", "tsx", "preferences form"], "state": 2, "file_id": 18, "knowledge_revision": 40, "git_revision": "", "ctags": [], "hash": "397366ba63f0970650de7c07881a3e45", "format-version": 4, "code-base-name": "frontend_app", "filename": "frontend_app/src/app/preferences/page.tsx", "revision_history": [{"40": ""}]}